<?xml version="1.0" encoding="UTF-8" ?>
<!DOCTYPE mapper
  PUBLIC "-//mybatis.org//DTD Mapper 3.0//EN"
  "http://mybatis.org/dtd/mybatis-3-mapper.dtd">

<!-- 회원정보 처리 SQL -->
<mapper namespace="Project.threeM.PicDiary.DAO.AccountBookMapper">
	<insert id="acwrite" parameterType="acbook">
		insert into accountbook (acnum, userid, actitle, image, acitem, acprice, actype)
		values (
		acnum_seq.nextval
		,#{userid}
		,#{actitle}
		,#{image}
		,#{acitem}
		,#{acprice}
		,#{actype}
		)
	</insert>
	
	<select id="acread" parameterType="string" resultType="acbook">
		select
			acnum 
			, userid
			, actitle
			, image
			, acitem
			, acprice
			, actype
			, to_char(acdate, 'MON-DD-YYYY HH24:MI', 'NLS_DATE_LANGUAGE=ENGLISH')acdate
			from accountbook
		where userid = #{userid}
	</select>
	
	<select id="acrewriteread" parameterType="acbook" resultType="acbook">
		select
			acnum
			, userid
			, actitle
			, image
			, acitem
			, acprice
			, actype
			from accountbook
		where userid = #{userid} and acnum = #{acnum}
	</select>
	
	<update id="acrewriting" parameterType="acbook">
		update accountbook
			set
			<if test="actitle != null">
				actitle = #{actitle},
			</if>
			acitem = #{acitem}
			, acprice = #{acprice}
			, actype = #{actype}
		where acnum = #{acnum} and userid = #{userid}
	</update>
	
	<delete id="acdelete" parameterType="acbook">
		delete from accountbook
		where 
			userid = #{userid} and acnum = #{acnum}
	</delete>
	
	<select id="acread1" parameterType="acbook" resultType="acbook">
		select
			acnum 
			, userid
			, actitle
			, image
			, acitem
			, acprice
			, actype
			, to_char(acdate, 'MON-DD-YYYY HH24:MI', 'NLS_DATE_LANGUAGE=ENGLISH')acdate
			from accountbook
		where userid = #{userid} and acnum = #{acnum}
	</select>
	
	<select id="getTotal" parameterType="string" resultType="int">
		select count(*) from accountbook
		where userid like '%'||#{userid}||'%'
	</select>
	
	<select id="aclist" parameterType="string" resultType="acbook">
		select 
			acnum
			, userid
			, actitle
			, image
			, acitem
			, acprice
			, actype
			, to_char(acdate, 'MON-DD-YYYY HH24:MI', 'NLS_DATE_LANGUAGE=ENGLISH')acdate
			from accountbook
		where userid = #{userid}
		order by acdate desc
	</select>
	
	<select id="aclist2" parameterType="acbook" resultType="acbook">
		select 
			acnum
			, userid
			, actitle
			, image
			, acitem
			, acprice
			, actype
			, to_char(acdate,'MON-DD-YYYY HH24:MI', 'NLS_DATE_LANGUAGE=ENGLISH')acdate
			from accountbook
		where userid = #{userid} and actitle like '%'||#{actitle}||'%'
		order by acdate desc
	</select>
</mapper>
