<?xml version="1.0" encoding="UTF-8" ?>
<!DOCTYPE mapper
  PUBLIC "-//mybatis.org//DTD Mapper 3.0//EN"
  "http://mybatis.org/dtd/mybatis-3-mapper.dtd">

<!-- 회원정보 처리 SQL -->
<mapper namespace="Project.threeM.PicDiary.DAO.AddressMapper">
	<!-- 주소록 업로드 -->
	<insert id="insert" parameterType="address">
		insert into address (
			adnum
			, userid
			, adname
			, image		
			, adcontent
			) 
		values (
			adnum_seq.nextval
			, #{userid}
			, #{adname}
			, #{image}
			, #{adcontent}
			)
	</insert>
	
	<!-- 주소록 업로드 -->
	<insert id="insertdi" parameterType="address">
		insert into address (
			adnum
			, userid
			, adname	
			, adcontent
			, image
			) 
		values (
			adnum_seq.nextval
			, #{userid}
			, #{adname}
			, #{adcontent}
			, #{image}
			)
	</insert>
	
	
	<!-- 전체 글개수 -->
	<select id="getTotal" parameterType="string" resultType="int">
		select count(*) from address where adname like '%'||#{adname}||'%'
	</select>
	
	<!-- 주소록 리스트 -->
	<select id="adlist" parameterType="string" resultType="address">
		select
			adnum
			, adname
			, userid
			, image
			, adcontent
		from address where userid = #{userid}
		 order by adnum desc 
	</select>
	
	<update id="update" parameterType="address">
		update address
			set
			adname = #{adname}
			, adcontent = #{adcontent}
		where adnum = #{adnum} and userid = #{userid}
	</update>
	
	<delete id="deleting" parameterType="address">
		delete from address
		where 
			userid = #{userid} and adnum = #{adnum}
	</delete>
	
	<select id="adlist2" parameterType="address" resultType="address">
		select 
			adnum
			, adname
			, userid
			, image
			, adcontent
		from address
		where userid = #{userid} and adname like '%'||#{adname}||'%'
		order by adnum desc 
	</select>
</mapper>
