<?xml version="1.0" encoding="UTF-8" ?>
<!DOCTYPE mapper
  PUBLIC "-//mybatis.org//DTD Mapper 3.0//EN"
  "http://mybatis.org/dtd/mybatis-3-mapper.dtd">

<!-- 앨범 정보 처리 SQL -->
	<mapper namespace="Project.threeM.PicDiary.DAO.AlbumMapper">
    
	<!-- 사진 업로드 -->
	<insert id="insert" parameterType="album">
		insert into album (
			abnum
			, userid
			, abtitle
			, image		<!-- image는 not null이므로 if문 필요없음-->
			, labeling
			) 
		values (
			abnum_seq.nextval
			, #{userid}
			, #{abtitle}
			, #{image}
			, #{labeling}
			)
	</insert>
	
	<!-- 전체 글개수 -->
	<select id="getTotal" parameterType="string" resultType="int">
		select count(*) from album where userid = #{userid}
	</select>
	
	<!-- 전체 글개수 -->
	<select id="getTotal2" parameterType="string">
		select count(*) from album where upper(abtitle) like upper('%'||#{abtitle}||'%')
	</select>
	
	<!-- 앨범 리스트 -->
	<select id="ablist" parameterType="string" resultType="album">
		select
			abnum
			, abtitle
			, userid
			, image
			, to_char(abdate, 'YYYY-MM-DD HH24:MI:SS') abdate
			, labeling
		from album
			where userid = #{userid}
				order by abdate desc 
	</select>
	
	<!-- 앨범 리스트 -->
	<select id="ablist2" parameterType="album" resultType="album">
		select
			abnum
			, abtitle
			, userid
			, image
			, to_char(abdate, 'YYYY-MM-DD HH24:MI:SS') abdate
			, labeling
		from album
			where userid = #{userid} and abtitle = #{abtitle}
				order by abdate desc 
	</select>
	
	
	<!-- 앨범 영수증 리스트  -->
	<select id="abreceipt" parameterType="string" resultType="album">
		select
			abnum
			, abtitle
			, userid
			, image
			, to_char(abdate, 'YYYY-MM-DD HH24:MI:SS') abdate
			, labeling
		from album
			where labeling like '%'|| 'Receipt' ||'%'
				order by abdate desc 
	</select>
	
	<!-- 앨범 문서 리스트  -->
	<select id="abdocument" parameterType="string" resultType="album">
		select
			abnum
			, abtitle
			, userid
			, image
			, to_char(abdate, 'YYYY-MM-DD HH24:MI:SS') abdate
			, labeling
		from album
			where labeling like ('%'|| 'Document' ||'%')
				order by abdate desc 
	</select>
</mapper>

