<?xml version="1.0" encoding="UTF-8" ?>
<!DOCTYPE mapper
  PUBLIC "-//mybatis.org//DTD Mapper 3.0//EN"
  "http://mybatis.org/dtd/mybatis-3-mapper.dtd">

<!-- 앨범 정보 처리 SQL -->
	<mapper namespace="Project.threeM.PicDiary.DAO.DiaryMapper">     
	<!-- 일기 등록 -->
	<insert id="insert" parameterType="diary">
		insert into diary (
			dinum
			, userid
			, dititle
			, image
			, dicontent 		
			, dipublic
			) 
		values (
			dinum_seq.nextval
			, #{userid}
			, #{dititle}
			, #{image}
			, #{dicontent} 	
			, #{dipublic}	
			)
	</insert>
	
	<!-- 전체 글개수 -->
	<select id="getTotal" parameterType="string" resultType="int">
		select count(*) from diary where userid like #{userid}
	</select>
	
	<!-- 일기 리스트 -->
	<select id="dilist" parameterType="string" resultType="diary">
		select
			dinum
			, dititle
			, dicontent
			, userid
			, image
			, to_char(didate, 'MON-DD-YYYY HH24:MI', 'NLS_DATE_LANGUAGE=ENGLISH') didate
		from diary
			where userid = #{userid}
				order by didate desc 
	</select>
	
	<!-- 일기 리스트2 검색 -->
	<select id="dilist2" parameterType="diary" resultType="diary">
		select
			dinum
			, dititle
			, dicontent
			, userid
			, image
			, to_char(didate, 'MON-DD-YYYY HH24:MI', 'NLS_DATE_LANGUAGE=ENGLISH') didate
		from diary
			where userid = #{userid} and upper(dititle) like upper('%'||#{dititle}||'%')
				order by didate desc 
	</select>
	
	<!-- 다이어리 보드원 -->
	<select id="diread1" parameterType="int" resultType="diary">
		select
			dinum
			, dititle
			, image
			, to_char(didate, 'MON-DD-YYYY HH24:MI:SS', 'NLS_DATE_LANGUAGE=ENGLISH') didate
			, dicontent
			, dihit
			, dipublic
		from diary where dinum = #{dinum}
	</select>
	
	<!-- 다이어리 조회수 -->
	<update id="diaryHits" parameterType="int">
		update diary set dihit = dihit + 1 where dinum = #{dinum}
	</update>
	
	<!-- 다이어리 수정 -->
	<update id="update" parameterType="diary">
		update diary 
			set dititle = #{dititle}
				, dicontent = #{dicontent}
				, dipublic = #{dipublic}
			 where dinum = #{dinum} and userid = #{userid}
	</update>
	
	<!-- 다이어리 삭제 -->
	<delete id="delete" parameterType="diary">
		delete from diary where 
			userid = #{userid} and dinum = #{dinum}
	</delete>
	
	<!-- 메인 조회수별 글 리스트 -->
	<select id="all" resultType="diary">
		select
			dihit
			, dititle
			, dicontent
			, userid
			, image
			, dinum
			, to_char(didate, 'MON-DD-YYYY HH24:MI', 'NLS_DATE_LANGUAGE=ENGLISH') didate
		from diary
		where dipublic = '0'
		order by didate desc
	</select>
	
	<!-- 메인 검색 리스트 -->
	<select id="searchlist" parameterType="string" resultType="diary">
		select
			dinum
			, dititle
			, dicontent
			, userid
			, image
			, dihit
			, to_char(didate, 'MON-DD-YYYY HH24:MI', 'NLS_DATE_LANGUAGE=ENGLISH') didate
		from diary
			where dipublic = '0' and upper(dititle) like upper('%'||#{searchText}||'%')
				order by didate desc
	</select>
	
	<!-- 전체 글개수 -->
	<select id="gettotal" parameterType="string" resultType="int">
		select count(*) from diary
		where where dipublic = '0'
		<if test ="searchText != null and searchText != ''" >
			and upper(dititle) like upper('%'||#{searchText}||'%')
		</if>
	</select>
	
	<!-- 인기별 글 리스트 -->
	<select id="popular" resultType="diary">
		select
			dihit
			, dititle
			, dicontent
			, userid
			, image
			, dinum
			, to_char(didate, 'MON-DD-YYYY HH24:MI', 'NLS_DATE_LANGUAGE=ENGLISH') didate
		from diary
		where dipublic = '0'
		order by dihit desc
	</select>
	
	<!-- 유저 프로필 사진 리스트 -->
	<select id="userimg" parameterType="string" resultType="string">
		select
			userimage
			from userinfo
		where userid = #{userid}
	</select>
	
	<!-- 앨범 갯수세기 -->
	<select id="numab" parameterType="string" resultType="int">
		select count(*) from album where userid = #{loginid}
	</select>
	
	<!-- 다이어리 갯수세기 -->
	<select id="numdi" parameterType="string" resultType="int">
		select count(*) from diary where userid = #{loginid}
	</select>
	
	<!-- 어카운트 갯수세기 -->
	<select id="numac" parameterType="string" resultType="int">
		select count(*) from accountbook where userid = #{loginid}
	</select>
	
	<!-- 어드레스 갯수세기 -->
	<select id="numad" parameterType="string" resultType="int">
		select count(*) from address where userid = #{loginid}
	</select>
	
	<!-- 메모 갯수세기 -->
	<select id="numme" parameterType="string" resultType="int">
		select count(*) from memo where userid = #{loginid}
	</select>
</mapper>

