<?xml version="1.0" encoding="UTF-8" ?>
<!DOCTYPE mapper
  PUBLIC "-//mybatis.org//DTD Mapper 3.0//EN"
  "http://mybatis.org/dtd/mybatis-3-mapper.dtd">

<!-- 회원정보 처리 SQL -->
<mapper namespace="Project.threeM.PicDiary.DAO.MemoMapper">
	<insert id="mewrite" parameterType="memo">
		insert into memo(menum, userid, metitle, mecontent, mevoice)
			values (
			menum_seq.nextval
			, #{userid}
			, #{metitle}
			, #{mecontent}
			, #{mevoice}
			)
	</insert>
	
	<select id="melist" parameterType="string" resultType="memo">
		select 
			menum
			, metitle
			, mecontent
			, mevoice
			, to_char(medate, 'MON-DD-YYYY HH24:MI', 'NLS_DATE_LANGUAGE=ENGLISH')medate 
			from memo
		where userid = #{userid}
			order by medate desc
	</select>
	
	<select id="melist2" parameterType="memo" resultType="memo">
		select 
			menum
			, metitle
			, mecontent
			, mevoice
			, to_char(medate, 'MON-DD-YYYY HH24:MI:SS', 'NLS_DATE_LANGUAGE=ENGLISH')medate 
			from memo
		where userid = #{userid} and metitle like '%'||#{metitle}||'%'
			order by medate desc
	</select>
	
	<update id="update" parameterType="memo">
		update memo
			set
			mecontent = #{mecontent}
		where menum = #{menum} and userid = #{userid}
	</update>
	
	<delete id="deleting" parameterType="memo">
		delete from memo
		where 
			userid = #{userid} and menum = #{menum}
	</delete>
	
	<select id="getTotal" parameterType="string" resultType="int">
		select count(*) from memo 
		where userid like #{userid}
	</select>
</mapper>
