<?xml version="1.0" encoding="UTF-8" ?>
<!DOCTYPE configuration
  PUBLIC "-//mybatis.org//DTD Config 3.0//EN"
  "http://mybatis.org/dtd/mybatis-3-config.dtd">
<configuration>
	<typeAliases>
		<typeAlias type="Project.threeM.PicDiary.VO.UserinfoVO" alias="userinfo" />
		<typeAlias type="Project.threeM.PicDiary.VO.AlbumVO" alias="album" />
		<typeAlias type="Project.threeM.PicDiary.VO.DiaryVO" alias="diary" />
		<typeAlias type="Project.threeM.PicDiary.VO.AccountBookVO" alias="acbook" />
		<typeAlias type="Project.threeM.PicDiary.VO.AddressVO" alias="address" />
		<typeAlias type="Project.threeM.PicDiary.VO.MemoVO" alias="memo" />
	</typeAliases>
	<mappers>
		<mapper resource="UserinfoMapper.xml" />
		<mapper resource="AlbumMapper.xml" />
		<mapper resource="DiaryMapper.xml" />
		<mapper resource="AccountBookMapper.xml" />
		<mapper resource="AddressMapper.xml" />
		<mapper resource="MemoMapper.xml" />
	</mappers>
</configuration>
