<?xml version="1.0" encoding="UTF-8" ?>
<!DOCTYPE mapper
  PUBLIC "-//mybatis.org//DTD Mapper 3.0//EN"
  "http://mybatis.org/dtd/mybatis-3-mapper.dtd">

<!-- 회원 정보 처리 SQL -->
	<mapper namespace="Project.threeM.PicDiary.DAO.UserinfoMapper">
     	
    <!-- 회원 정보 저장 -->
	<insert id="insert" parameterType="userinfo">
		insert into userinfo values (
			#{userid}
			, #{username}
			, #{password}
			, #{email}
			, #{age}
			, #{gender}
			, <if test = "userimage !=null and userimage !=''">#{userimage}</if>
			  <if test = "userimage ==null or userimage ==''">'resources/img/person.png'</if>
			)
			
	</insert>
	
	<!-- 중복 ID 체크 -->
	<select id="searchID" parameterType="String" resultType="userinfo">
		select * from userinfo where userid like #{userid}
	</select>
	
	<!-- 로그인  -->
	<select id="login" parameterType="userinfo" resultType="userinfo">
		select * from userinfo where userid like #{userid} and password like #{password}
	</select>

<!-- 업데이트  -->
	<update id="update" parameterType="userinfo">	
		update userinfo set
			 username = #{username} 
			, email = #{email}
			, gender = #{gender}
			, age = #{age}
		<if test ="password != null and password != ''" >
			, password = #{password}
		</if>
		<if test ="userimage != null and userimage != ''">
			, userimage = #{userimage}
		</if>
		 where userid = #{userid}
	</update>

	<!-- 회원 정보 표시 -->
	<select id="logininfo" parameterType="String" resultType="userinfo">
		select * from userinfo where userid like #{userid}
	</select>

	<!-- 회원 탈퇴 -->
	<delete id="delete" parameterType="map">
		delete from userinfo where userid like #{userid} and password like #{password}
	</delete>
</mapper>

